IDX,ARG
SPY,SPDR S&P 500 ETF Trust
IVV,iShares Core S&P 500 ETF
VTI,Vanguard Total Stock Market ETF
VOO,Vanguard S&P 500 ETF
QQQ,Invesco QQQ Trust
VEA,Vanguard FTSE Developed Markets ETF
VTV,Vanguard Value ETF
IEFA,iShares Core MSCI EAFE ETF
AGG,iShares Core U.S. Aggregate Bond ETF
BND,Vanguard Total Bond Market ETF
VUG,Vanguard Growth ETF
VWO,Vanguard FTSE Emerging Markets ETF
IJR,iShares Core S&P Small-Cap ETF
GLD,SPDR Gold Shares
IEMG,iShares Core MSCI Emerging Markets ETF
IWF,iShares Russell 1000 Growth ETF
IJH,iShares Core S&P Mid-Cap ETF
VIG,Vanguard Dividend Appreciation ETF
IWM,iShares Russell 2000 ETF
IWD,iShares Russell 1000 Value ETF
VO,Vanguard Mid-Cap ETF
EFA,iShares MSCI EAFE ETF
VXUS,Vanguard Total International Stock ETF
BNDX,Vanguard Total International Bond ETF
VCIT,Vanguard Intermediate-Term Corporate Bond ETF
VB,Vanguard Small Cap ETF
VNQ,Vanguard Real Estate ETF
VGT,Vanguard Information Technology ETF
VYM,Vanguard High Dividend Yield Index ETF
XLK,Technology Select Sector SPDR Fund
XLF,Financial Select Sector SPDR Fund
VCSH,Vanguard Short-Term Corporate Bond ETF
ITOT,iShares Core S&P Total U.S. Stock Market ETF
BSV,Vanguard Short-Term Bond ETF
XLE,Energy Select Sector SPDR Fund
TIP,iShares TIPS Bond ETF
LQD,iShares iBoxx $ Investment Grade Corporate Bond ETF
XLV,Health Care Select Sector SPDR Fund
VEU,Vanguard FTSE All-World ex-US Index Fund
IAU,iShares Gold Trust
IVW,iShares S&P 500 Growth ETF
SCHD,Schwab US Dividend Equity ETF
RSP,Invesco S&P 500Â® Equal Weight ETF
SCHX,Schwab U.S. Large-Cap ETF
IXUS,iShares Core MSCI Total International Stock ETF
DIA,SPDR Dow Jones Industrial Average ETF Trust
IWB,iShares Russell 1000 ETF
IWR,iShares Russell Midcap ETF
SCHF,Schwab International Equity ETF
USMV,iShares MSCI USA Min Vol Factor ETF
VBR,Vanguard Small Cap Value ETF
EEM,iShares MSCI Emerging Markets ETF
VV,Vanguard Large Cap ETF
IVE,iShares S&P 500 Value ETF
MUB,iShares National Muni Bond ETF
VT,Vanguard Total World Stock ETF
MBB,iShares MBS ETF
ESGU,iShares ESG Aware MSCI USA ETF
DGRO,iShares Core Dividend Growth ETF
SHY,iShares 1-3 Year Treasury Bond ETF
IGSB,iShares 1-5 Year Investment Grade Corporate Bond ETF
SCHB,Schwab U.S. Broad Market ETF
QUAL,iShares MSCI USA Quality Factor ETF
SCHP,Schwab U.S. TIPS ETF
DVY,iShares Select Dividend ETF
SDY,SPDR S&P Dividend ETF
VTIP,Vanguard Short-Term Inflation-Protected Securities ETF
VGK,Vanguard FTSE Europe ETF
MDY,SPDR S&P Midcap 400 ETF Trust
JPST,JPMorgan Ultra-Short Income ETF
IEF,iShares 7-10 Year Treasury Bond ETF
IUSB,iShares Core Total USD Bond Market ETF
ACWI,iShares MSCI ACWI ETF
XLY,Consumer Discretionary Select Sector SPDR Fund
PFF,iShares Preferred & Income Securities ETF
TLT,iShares 20+ Year Treasury Bond ETF
GOVT,iShares U.S. Treasury Bond ETF
EMB,iShares J.P. Morgan USD Emerging Markets Bond ETF
VHT,Vanguard Health Care ETF
VOE,Vanguard Mid-Cap Value ETF
SHV,iShares Short Treasury Bond ETF
GDX,VanEck Gold Miners ETF
XLI,Industrial Select Sector SPDR Fund
HYG,iShares iBoxx $ High Yield Corporate Bond ETF
SCHA,Schwab U.S. Small-Cap ETF
EFV,iShares MSCI EAFE Value ETF
XLP,Consumer Staples Select Sector SPDR Fund
TQQQ,ProShares UltraPro QQQ
VXF,Vanguard Extended Market ETF
SCHG,Schwab U.S. Large-Cap Growth ETF
VTEB,Vanguard Tax-Exempt Bond ETF
IWN,iShares Russell 2000 Value ETF
DFAC,Dimensional U.S. Core Equity 2 ETF
VMBS,Vanguard Mortgage-Backed Securities ETF
IWS,iShares Russell Mid-Cap Value ETF
SPYV,SPDR Portfolio S&P 500 Value ETF
BIL,SPDR Bloomberg 1-3 Month T-Bill ETF
MINT,PIMCO Enhanced Short Maturity Active ETF
SLV,iShares Silver Trust
BIV,Vanguard Intermediate-Term Bond ETF
